pred_max,true_max,score,order_rank,is_selected_q
33.19445801,33.02233374,0.17212426999999764,18,False
6.622455597,6.76,0.1375444029999997,13,False
58.32162476,57.30948786,1.0121369000000016,70,False
14.40256405,15.25,0.8474359499999995,61,False
14.15274143,13.67,0.4827414300000008,44,False
15.44088745,16.06,0.6191125499999988,54,False
100.4499207,100.0691348,0.38078590000000645,33,False
8.053209305,9.26,1.2067906950000005,75,False
14.14212418,13.18,0.96212418,67,False
9.819731712,11.04,1.2202682879999998,77,False
21.06757927,23.34,2.2724207300000003,96,True
12.14282894,13.94,1.7971710600000002,91,False
21.97855759,19.28,2.69855759,99,False
21.2178688,21.86,0.6421311999999979,56,False
4.352827072,4.53,0.17717292800000006,19,False
23.44260025,22.41772709,1.024873160000002,71,False
94.9482117,94.36903299,0.5791787100000079,48,False
7.33608532,7.03,0.30608531999999933,27,False
17.29769516,17.69,0.3923048400000013,34,False
17.55778313,17.69,0.1322168700000006,12,False
11.85715389,10.93,0.9271538899999996,66,False
15.99898911,15.17,0.8289891100000002,59,False
22.55987358,21.35,1.20987358,76,False
14.01656723,14.35,0.33343276999999993,29,False
16.07479095,17.08,1.0052090499999977,68,False
111.6805496,111.0947607,0.5857889000000114,50,False
64.64552307,66.1221105,1.4765874300000092,88,False
12.11152267,13.34,1.2284773300000005,78,False
68.1852722,70.29731116,2.1120389600000067,94,False
23.65487099,23.55,0.10487098999999844,9,False
10.70994854,11.84,1.1300514600000007,74,False
19.89848518,19.01,0.88848518,63,False
9.52933979,9.29,0.23933979000000072,25,False
52.77206421,55.04,2.2679357899999957,95,False
18.08200836,17.18,0.90200836,65,False
95.0036163,95.18128899,0.1776726899999943,20,False
12.02706146,11.88,0.14706145999999976,14,False
60.68510437,59.42276424,1.2623401299999983,79,False
22.64773369,21.6,1.0477336899999976,72,False
7.276021957,7.43,0.1539780429999995,17,False
11.38532829,10.93,0.45532829000000064,40,False
10.5579071,10.47,0.0879070999999989,5,False
11.08430672,10.98,0.1043067200000003,8,False
15.44447899,16.22,0.7755210099999985,57,False
127.548584,127.1464379,0.40214610000001016,36,False
5.605574608,5.21,0.39557460800000044,35,False
62.18106079,61.98161551,0.19944527999999906,24,False
51.57984161,51.40060227,0.1792393400000023,21,False
13.92912769,15.2,1.2708723099999997,81,False
9.687034607,9.13,0.5570346069999985,47,False
19.92046928,19.05,0.8704692799999982,62,False
66.47816467,65.86183059,0.6163340800000014,53,False
41.83782196,43.87,2.032178039999998,92,False
5.356443405,5.35,0.006443405000000624,2,False
81.41300964,80.99929107,0.41371857000000034,37,False
7.979903221,8.43,0.4500967789999999,39,False
7.739795685,7.79,0.05020431500000022,3,False
23.24019623,22.88,0.3601962299999997,30,False
53.87149811,54.06307405,0.1915759399999999,23,False
8.586338997,9.48,0.8936610030000001,64,False
76.13626862,75.98606446,0.15020416000000125,16,False
36.8536911,36.25664862,0.5970424799999989,52,False
11.44126987,12.03,0.5887301300000001,51,False
14.86202145,15.32,0.45797855,41,False
16.87309456,17.24,0.36690544,31,False
6.376373291,6.64,0.2636267089999995,26,False
15.81625271,15.75,0.06625271000000055,4,False
121.9365387,120.8831665,1.0533721999999983,73,False
71.46981812,72.31354086,0.843722740000004,60,False
11.39153862,11.54,0.14846137999999875,15,False
29.8663826,26.64,3.226382600000001,100,False
8.06186676,7.88,0.18186675999999924,22,False
39.96094513,38.67621105,1.2847340799999998,84,False
60.53253937,59.26,1.272539370000004,82,False
10.22763348,9.79,0.4376334800000006,38,False
11.35787487,12.37,1.0121251299999994,69,False
16.99256897,15.4,1.5925689700000003,90,False
27.79476547,28.35,0.5552345299999999,46,False
21.44773102,21.92,0.4722689800000026,42,False
65.12921448,62.79602347,2.33319101,97,False
11.43879509,13.92,2.4812049100000007,98,False
13.13374519,13.44,0.30625480999999866,28,False
40.21376038,38.92,1.2937603799999948,85,False
9.930413246,11.31,1.379586754,86,False
7.832827568,7.74,0.0928275679999997,7,False
18.34931755,18.26,0.08931754999999697,6,False
7.001238823,7.0,0.001238822999999556,1,False
30.7589035,30.65,0.10890350000000026,11,False
9.438901901,10.02,0.5810980990000001,49,False
14.09827328,14.89,0.7917267199999998,58,False
30.42747498,32.47,2.0425250199999994,93,False
14.6315403,15.0,0.3684597000000007,32,False
20.4706192,19.01,1.4606192,87,False
11.01997757,12.3,1.2800224300000007,83,False
67.20287323,67.8366368,0.6337635699999993,55,False
21.82881546,20.33,1.498815460000003,89,False
21.34928894,20.87,0.47928894,43,False
17.06883812,16.96,0.10883811999999793,10,False
36.82113647,38.0893609,1.2682244300000036,80,False
13.02577591,13.55,0.5242240900000006,45,False
