bin_left,bin_right,bin_center,density
0.0,0.2,0.1,1.2
0.2,0.4,0.30000000000000004,0.55
0.4,0.6000000000000001,0.5,0.8499999999999998
0.6000000000000001,0.8,0.7000000000000001,0.30000000000000004
0.8,1.0,0.9,0.45000000000000007
1.0,1.2000000000000002,1.1,0.3499999999999997
1.2000000000000002,1.4000000000000001,1.3000000000000003,0.6000000000000001
1.4000000000000001,1.6,1.5,0.20000000000000004
1.6,1.8,1.7000000000000002,0.05000000000000001
1.8,2.0,1.9,0.0
2.0,2.2,2.1,0.14999999999999988
2.2,2.4000000000000004,2.3000000000000003,0.14999999999999988
2.4000000000000004,2.6,2.5,0.05000000000000007
2.6,2.8000000000000003,2.7,0.049999999999999954
2.8000000000000003,3.0,2.9000000000000004,0.0
3.0,3.2,3.1,0.0
3.2,3.4000000000000004,3.3000000000000003,0.049999999999999954
