original_sample_index,sorted_index,true_max,pred_max,pred_interval_lower,pred_interval_upper,zone,h_lim,q_lift
10,0,5.45,4.6345644,2.36214367,6.906985130000001,calibrated_stable,20.0,2.2724207300000003
49,1,4.94,5.391831875,3.119411145,7.664252605000001,calibrated_stable,20.0,2.2724207300000003
86,2,7.34,6.84458828,4.57216755,9.11700901,calibrated_stable,20.0,2.2724207300000003
48,3,8.29,7.378356934,5.105936204,9.650777664,calibrated_stable,20.0,2.2724207300000003
39,4,7.72,7.50015831,5.227737579999999,9.77257904,calibrated_stable,20.0,2.2724207300000003
68,5,7.09,7.53601265,5.26359192,9.80843338,calibrated_stable,20.0,2.2724207300000003
57,6,7.05,7.586462021,5.314041291,9.858882751,calibrated_stable,20.0,2.2724207300000003
9,7,8.36,7.650671959,5.378251229,9.923092689,calibrated_stable,20.0,2.2724207300000003
31,8,7.55,7.904958725,5.632537995,10.177379455,calibrated_stable,20.0,2.2724207300000003
26,9,9.37,8.098430634,5.826009903999999,10.370851364,calibrated_stable,20.0,2.2724207300000003
28,10,9.38,8.52252388,6.250103149999999,10.79494461,calibrated_stable,20.0,2.2724207300000003
35,11,9.46,8.552350998,6.279930267999999,10.824771728,calibrated_stable,20.0,2.2724207300000003
85,12,7.55,8.571943283,6.299522552999999,10.844364013,calibrated_stable,20.0,2.2724207300000003
3,13,9.47,8.913982391,6.641561660999999,11.186403121,calibrated_stable,20.0,2.2724207300000003
45,14,9.3,9.348469734,7.076049004,11.620890464,calibrated_stable,20.0,2.2724207300000003
82,15,10.8,9.542764664,7.270343934,11.815185394,calibrated_stable,20.0,2.2724207300000003
50,16,10.24,9.728154182,7.4557334520000005,12.000574912000001,calibrated_stable,20.0,2.2724207300000003
98,17,10.11,10.03419399,7.76177326,12.30661472,calibrated_stable,20.0,2.2724207300000003
44,18,11.42,10.82806206,8.55564133,13.100482790000001,calibrated_stable,20.0,2.2724207300000003
54,19,12.7,11.69621754,9.423796809999999,13.96863827,calibrated_stable,20.0,2.2724207300000003
47,20,12.22,11.8480711,9.57565037,14.12049183,calibrated_stable,20.0,2.2724207300000003
58,21,11.86,11.92590237,9.653481639999999,14.1983231,calibrated_stable,20.0,2.2724207300000003
62,22,13.52,12.46547985,10.19305912,14.73790058,calibrated_stable,20.0,2.2724207300000003
66,23,11.87,12.57409191,10.30167118,14.84651264,calibrated_stable,20.0,2.2724207300000003
94,24,12.13,12.66108036,10.38865963,14.93350109,calibrated_stable,20.0,2.2724207300000003
34,25,13.58,12.84141922,10.56899849,15.113839950000001,calibrated_stable,20.0,2.2724207300000003
38,26,11.74,13.0281086,10.75568787,15.30052933,calibrated_stable,20.0,2.2724207300000003
15,27,12.63,13.24471951,10.97229878,15.51714024,calibrated_stable,20.0,2.2724207300000003
1,28,13.0,13.49134636,11.21892563,15.76376709,calibrated_stable,20.0,2.2724207300000003
14,29,13.22,13.69745445,11.42503372,15.96987518,calibrated_stable,20.0,2.2724207300000003
60,30,12.79,13.75559616,11.48317543,16.02801689,calibrated_stable,20.0,2.2724207300000003
78,31,13.49,13.83241653,11.5599958,16.10483726,calibrated_stable,20.0,2.2724207300000003
8,32,14.66,13.8365345,11.56411377,16.10895523,calibrated_stable,20.0,2.2724207300000003
21,33,14.08,13.85154343,11.5791227,16.12396416,calibrated_stable,20.0,2.2724207300000003
43,34,12.68,13.87282467,11.60040394,16.1452454,calibrated_stable,20.0,2.2724207300000003
99,35,14.1,13.87414074,11.60172001,16.14656147,calibrated_stable,20.0,2.2724207300000003
19,36,16.05,14.42243004,12.15000931,16.694850770000002,calibrated_stable,20.0,2.2724207300000003
22,37,14.94,14.62179375,12.34937302,16.894214480000002,calibrated_stable,20.0,2.2724207300000003
71,38,16.09,14.73707008,12.46464935,17.009490810000003,calibrated_stable,20.0,2.2724207300000003
46,39,13.85,14.93523598,12.66281525,17.207656710000002,calibrated_stable,20.0,2.2724207300000003
30,40,14.69,15.16055107,12.88813034,17.4329718,calibrated_stable,20.0,2.2724207300000003
65,41,16.12,15.42330933,13.1508886,17.695730060000002,calibrated_stable,20.0,2.2724207300000003
84,42,15.03,15.722785,13.45036427,17.995205730000002,calibrated_stable,20.0,2.2724207300000003
88,43,15.01,15.75496387,13.482543139999999,18.027384599999998,calibrated_stable,20.0,2.2724207300000003
36,44,16.3,15.95379829,13.68137756,18.226219020000002,calibrated_stable,20.0,2.2724207300000003
74,45,15.9,16.46447182,14.19205109,18.73689255,calibrated_stable,20.0,2.2724207300000003
4,46,16.05,16.54054832,14.268127589999999,18.81296905,calibrated_stable,20.0,2.2724207300000003
97,47,17.24,16.59280109,14.320380359999998,18.86522182,calibrated_stable,20.0,2.2724207300000003
90,48,16.18,16.66223145,14.38981072,18.93465218,calibrated_stable,20.0,2.2724207300000003
80,49,16.96,16.7246685,14.45224777,18.99708923,calibrated_stable,20.0,2.2724207300000003
100,50,18.55,16.92514801,14.65272728,19.19756874,calibrated_stable,20.0,2.2724207300000003
27,51,17.83,17.03259659,14.76017586,19.30501732,calibrated_stable,20.0,2.2724207300000003
32,52,16.0,17.09790421,14.825483479999999,19.37032494,calibrated_stable,20.0,2.2724207300000003
51,53,17.21,17.23056221,14.958141479999998,19.50298294,calibrated_stable,20.0,2.2724207300000003
16,54,17.06,17.56162453,15.2892038,19.83404526,calibrated_stable,20.0,2.2724207300000003
5,55,17.0,17.81629944,15.543878710000001,20.088720170000002,to_be_verified,20.0,2.2724207300000003
93,56,17.21,17.96235085,15.68993012,20.23477158,to_be_verified,20.0,2.2724207300000003
63,57,20.78,19.57123184,17.29881111,21.84365257,to_be_verified,20.0,2.2724207300000003
37,58,19.3,20.50068283,18.2282621,22.77310356,to_be_verified,20.0,2.2724207300000003
24,59,21.69,20.80411339,18.53169266,23.07653412,to_be_verified,20.0,2.2724207300000003
79,60,19.37,21.01285744,18.74043671,23.28527817,to_be_verified,20.0,2.2724207300000003
96,61,21.18,21.22089767,18.94847694,23.4933184,to_be_verified,20.0,2.2724207300000003
64,62,19.97,21.43050385,19.15808312,23.70292458,to_be_verified,20.0,2.2724207300000003
13,63,20.44,21.62672424,19.35430351,23.899144970000002,to_be_verified,20.0,2.2724207300000003
73,64,20.47520796,21.71888542,19.44646469,23.99130615,to_be_verified,20.0,2.2724207300000003
56,65,23.62,22.13241577,19.85999504,24.404836500000002,to_be_verified,20.0,2.2724207300000003
67,66,23.63,23.15512657,20.88270584,25.4275473,calibrated_unstable,20.0,2.2724207300000003
25,67,22.2,23.60329819,21.33087746,25.87571892,calibrated_unstable,20.0,2.2724207300000003
59,68,24.2,24.18631363,21.9138929,26.45873436,calibrated_unstable,20.0,2.2724207300000003
53,69,24.51,26.15814972,23.88572899,28.43057045,calibrated_unstable,20.0,2.2724207300000003
61,70,26.15,26.43765068,24.16522995,28.71007141,calibrated_unstable,20.0,2.2724207300000003
91,71,26.16,28.41768646,26.14526573,30.69010719,calibrated_unstable,20.0,2.2724207300000003
12,72,33.25,30.75000381,28.47758308,33.02242454,calibrated_unstable,20.0,2.2724207300000003
2,73,29.55,32.05401993,29.781599200000002,34.32644066,calibrated_unstable,20.0,2.2724207300000003
41,74,29.46611731,32.21734238,29.944921649999998,34.48976311,calibrated_unstable,20.0,2.2724207300000003
11,75,36.13,34.18750763,31.9150869,36.45992836,calibrated_unstable,20.0,2.2724207300000003
40,76,34.08,34.66214371,32.38972298,36.93456444,calibrated_unstable,20.0,2.2724207300000003
6,77,38.8,36.28672028,34.01429955,38.55914101,calibrated_unstable,20.0,2.2724207300000003
52,78,38.84,38.83244705,36.56002632,41.10486778,calibrated_unstable,20.0,2.2724207300000003
20,79,37.77480715,40.21559525,37.94317452,42.48801598,calibrated_unstable,20.0,2.2724207300000003
92,80,43.94,42.43244553,40.1600248,44.70486626,calibrated_unstable,20.0,2.2724207300000003
89,81,44.68,46.28913116,44.016710429999996,48.56155189,calibrated_unstable,20.0,2.2724207300000003
69,82,48.59,48.06507492,45.79265419,50.33749565,calibrated_unstable,20.0,2.2724207300000003
42,83,50.82835095,51.27674866,49.00432793,53.54916939,calibrated_unstable,20.0,2.2724207300000003
17,84,50.02204619,51.55812073,49.2857,53.83054146,calibrated_unstable,20.0,2.2724207300000003
81,85,52.89778491,55.77745056,53.50502983,58.04987129,calibrated_unstable,20.0,2.2724207300000003
83,86,59.18,59.59157562,57.31915489,61.86399635,calibrated_unstable,20.0,2.2724207300000003
55,87,59.01795235,60.59430313,58.3218824,62.86672386,calibrated_unstable,20.0,2.2724207300000003
33,88,63.37102784,60.70703888,58.43461815,62.97945961,calibrated_unstable,20.0,2.2724207300000003
76,89,59.33,62.82510376,60.55268303,65.09752449,calibrated_unstable,20.0,2.2724207300000003
70,90,61.63683827,62.93463135,60.662210619999996,65.20705208,calibrated_unstable,20.0,2.2724207300000003
87,91,61.40732841,62.95927811,60.68685738,65.23169884,calibrated_unstable,20.0,2.2724207300000003
75,92,73.89,74.7513504,72.47892967000001,77.02377113,calibrated_unstable,20.0,2.2724207300000003
23,93,75.33207667,75.66169739,73.38927666000001,77.93411812,calibrated_unstable,20.0,2.2724207300000003
72,94,76.36,76.82853699,74.55611626000001,79.10095772,calibrated_unstable,20.0,2.2724207300000003
18,95,74.28116216,77.28625488,75.01383415000001,79.55867561,calibrated_unstable,20.0,2.2724207300000003
29,96,80.91328655,84.32796478,82.05554405000001,86.60038551,calibrated_unstable,20.0,2.2724207300000003
95,97,99.31159047,100.106926,97.83450527,102.37934673000001,calibrated_unstable,20.0,2.2724207300000003
77,98,114.085736,116.3392639,114.06684317,118.61168463000001,calibrated_unstable,20.0,2.2724207300000003
7,99,124.045472,126.7543182,124.48189747,129.02673893,calibrated_unstable,20.0,2.2724207300000003
